CHROM	POS	ID	REF	ALT	QUAL	FILTER	Total_Depth	Allele_Frequency	Strand_Bias	Allelic_Depths	EFFECT	PUTATIVE_IMPACT	GENE_NAME	GENE_ID	FEATURE_TYPE	FEATURE_ID	TRANSCRIPT_TYPE	HGVSc	HGVSp	cDNA_POSITION_AND_LENGTH	CDS_POSITION_AND_LENGTH	PROTEIN_POSITION_AND_LENGTH	ERROR
NC_001474.2	582	.	A	G	1245.6	PASS	312	1.00	0.0	0,312	synonymous_variant	LOW	capsid	NP_739591.2	mat_peptide	NP_739591.2	protein_coding	c.486A>G	p.Leu162=	486/10176	486/10176	162/3391	.
NC_001474.2	1203	.	C	T	2103.8	PASS	524	1.00	0.0	0,524	missense_variant	MODERATE	prM	NP_739582.2	mat_peptide	NP_739582.2	protein_coding	c.1107C>T	p.Ser369Phe	1107/10176	1107/10176	369/3391	.
NC_001474.2	1890	.	T	C	1867.2	PASS	445	1.00	0.0	0,445	synonymous_variant	LOW	E	NP_739583.2	mat_peptide	NP_739583.2	protein_coding	c.1794T>C	p.Asp598=	1794/10176	1794/10176	598/3391	.
NC_001474.2	2871	.	A	G	2456.1	PASS	612	1.00	0.0	0,612	missense_variant	MODERATE	NS1	NP_739584.2	mat_peptide	NP_739584.2	protein_coding	c.2775A>G	p.Ile925Val	2775/10176	2775/10176	925/3391	.
NC_001474.2	4102	.	G	A	1534.7	PASS	378	1.00	0.0	0,378	synonymous_variant	LOW	NS2B	NP_739586.2	mat_peptide	NP_739586.2	protein_coding	c.4006G>A	p.Gly1336=	4006/10176	4006/10176	1336/3391	.
NC_001474.2	5244	.	C	T	2789.3	PASS	698	1.00	0.0	0,698	missense_variant	MODERATE	NS3	NP_739587.2	mat_peptide	NP_739587.2	protein_coding	c.5148C>T	p.Ala1716Val	5148/10176	5148/10176	1716/3391	.
NC_001474.2	6501	.	T	A	1123.4	PASS	267	1.00	0.0	0,267	synonymous_variant	LOW	NS4A	NP_739588.2	mat_peptide	NP_739588.2	protein_coding	c.6405T>A	p.Leu2135=	6405/10176	6405/10176	2135/3391	.
NC_001474.2	7890	.	A	G	3012.5	PASS	756	1.00	0.0	0,756	missense_variant	MODERATE	NS5	NP_739590.2	mat_peptide	NP_739590.2	protein_coding	c.7794A>G	p.Thr2598Ala	7794/10176	7794/10176	2598/3391	.
NC_001474.2	8733	.	G	T	1678.9	PASS	421	1.00	0.0	0,421	synonymous_variant	LOW	NS5	NP_739590.2	mat_peptide	NP_739590.2	protein_coding	c.8637G>T	p.Arg2879=	8637/10176	8637/10176	2879/3391	.
NC_001474.2	9456	.	C	A	2345.6	PASS	589	1.00	0.0	0,589	missense_variant	MODERATE	NS5	NP_739590.2	mat_peptide	NP_739590.2	protein_coding	c.9360C>A	p.Asp3120Glu	9360/10176	9360/10176	3120/3391	.
